Etudes,Parents
IUT/BTS,Prof_Libe
IUT/BTS,Employés
IUT/BTS,Cadres
Univ_Socio,Prof_Libe
Univ_Science,Ouvriers
Univ_Science,Ouvriers
Ecole_Ingenieurs,Cadres
Ecole_Ingenieurs,Employés
IUT/BTS,Employés
Médecine,Prof_Libe
Ecole_Commerce,Cadres
IUT/BTS,Employés
Univ_Science,Cadres
Univ_Science,Ouvriers
Univ_Science,Employés
Ecole_Commerce,Prof_Libe
Ecole_Ingenieurs,Employés
Ecole_Ingenieurs,Cadres
Ecole_Commerce,Prof_Libe
Univ_Science,Cadres
Univ_Science,Ouvriers
Ecole_Commerce,Prof_Libe
Ecole_Ingenieurs,Employés
Univ_Science,Ouvriers
Ecole_Ingenieurs,Cadres
Médecine,Ouvriers
Ecole_Ingenieurs,Employés
Ecole_Ingenieurs,Cadres
Univ_Socio,Employés
IUT/BTS,Prof_Libe
Univ_Science,Employés
Univ_Science,Ouvriers
Univ_Science,Employés
Ecole_Ingenieurs,Employés
IUT/BTS,Cadres
Ecole_Ingenieurs,Cadres
Ecole_Ingenieurs,Employés
Ecole_Commerce,Prof_Libe
Univ_Science,Cadres
Ecole_Ingenieurs,Cadres
Ecole_Commerce,Prof_Libe
Médecine,Prof_Libe
Ecole_Ingenieurs,Employés
Univ_Science,Ouvriers
Univ_Socio,Prof_Libe
Univ_Science,Employés
Ecole_Ingenieurs,Employés
Univ_Science,Employés
Univ_Science,Employés
Ecole_Commerce,Prof_Libe
Ecole_Ingenieurs,Cadres
Ecole_Ingenieurs,Cadres
Ecole_Commerce,Prof_Libe
Univ_Science,Ouvriers
Univ_Socio,Employés
Ecole_Ingenieurs,Employés
Univ_Science,Employés
Ecole_Commerce,Prof_Libe
IUT/BTS,Employés
Ecole_Ingenieurs,Employés
Ecole_Commerce,Ouvriers
Ecole_Ingenieurs,Employés
Ecole_Commerce,Cadres
Ecole_Ingenieurs,Employés
Médecine,Cadres
Médecine,Cadres
Univ_Science,Cadres
Médecine,Employés
Ecole_Commerce,Cadres
Ecole_Ingenieurs,Employés
Univ_Science,Ouvriers
Univ_Science,Employés
IUT/BTS,Ouvriers
IUT/BTS,Prof_Libe
Ecole_Ingenieurs,Employés
Ecole_Commerce,Prof_Libe
Univ_Science,Cadres
Ecole_Ingenieurs,Employés
Ecole_Ingenieurs,Employés
Univ_Science,Cadres
IUT/BTS,Ouvriers
IUT/BTS,Ouvriers
Univ_Socio,Cadres
Ecole_Commerce,Cadres
Ecole_Ingenieurs,Cadres
Univ_Science,Employés
Ecole_Ingenieurs,Employés
Ecole_Commerce,Cadres
Ecole_Ingenieurs,Cadres
Ecole_Commerce,Prof_Libe
IUT/BTS,Cadres
IUT/BTS,Ouvriers
Ecole_Commerce,Prof_Libe
Univ_Science,Employés
Univ_Science,Ouvriers
IUT/BTS,Employés
Univ_Science,Ouvriers
Ecole_Ingenieurs,Employés
Univ_Science,Ouvriers
Ecole_Ingenieurs,Cadres
IUT/BTS,Ouvriers
Univ_Science,Ouvriers
Ecole_Ingenieurs,Cadres
Ecole_Ingenieurs,Employés
Ecole_Commerce,Cadres
Univ_Science,Ouvriers
IUT/BTS,Ouvriers
Ecole_Ingenieurs,Employés
Univ_Science,Employés
Univ_Science,Cadres
Univ_Science,Employés
Ecole_Ingenieurs,Cadres
Univ_Science,Ouvriers
Ecole_Commerce,Cadres
IUT/BTS,Prof_Libe
Ecole_Commerce,Prof_Libe
IUT/BTS,Cadres
Ecole_Ingenieurs,Cadres
Univ_Science,Ouvriers
Univ_Science,Cadres
Ecole_Ingenieurs,Cadres
Ecole_Commerce,Prof_Libe
Univ_Science,Prof_Libe
Univ_Science,Employés
Ecole_Commerce,Prof_Libe
Univ_Science,Ouvriers
Univ_Science,Ouvriers
Univ_Science,Employés
Univ_Science,Ouvriers
Ecole_Commerce,Prof_Libe
Univ_Science,Prof_Libe
Univ_Science,Employés
Univ_Science,Cadres
Univ_Science,Ouvriers
Ecole_Ingenieurs,Employés
Univ_Science,Ouvriers
Médecine,Cadres
Univ_Science,Cadres
Ecole_Ingenieurs,Employés
Univ_Science,Employés
Médecine,Prof_Libe
Univ_Science,Ouvriers
Univ_Socio,Employés
Univ_Socio,Employés
Univ_Socio,Employés
IUT/BTS,Ouvriers
Univ_Science,Ouvriers
Univ_Science,Employés
Ecole_Commerce,Cadres
Médecine,Prof_Libe
Ecole_Ingenieurs,Employés
Univ_Science,Cadres
Médecine,Employés
Ecole_Ingenieurs,Cadres
Ecole_Commerce,Prof_Libe
IUT/BTS,Employés
Médecine,Employés
Ecole_Commerce,Prof_Libe
Univ_Science,Ouvriers
Univ_Socio,Prof_Libe
Ecole_Ingenieurs,Employés
Ecole_Ingenieurs,Cadres
Ecole_Ingenieurs,Employés
IUT/BTS,Ouvriers
Ecole_Ingenieurs,Employés
Univ_Science,Cadres
Ecole_Commerce,Prof_Libe
Univ_Socio,Ouvriers
Univ_Science,Employés
Médecine,Prof_Libe
Univ_Science,Employés
Univ_Socio,Employés
Univ_Science,Cadres
IUT/BTS,Ouvriers
IUT/BTS,Ouvriers
Ecole_Ingenieurs,Employés
Univ_Science,Ouvriers
Univ_Science,Employés
Univ_Science,Employés
Ecole_Ingenieurs,Cadres
Ecole_Commerce,Prof_Libe
Univ_Science,Cadres
Ecole_Ingenieurs,Employés
IUT/BTS,Ouvriers
Univ_Science,Ouvriers
Ecole_Ingenieurs,Employés
Univ_Science,Cadres
IUT/BTS,Cadres
Univ_Science,Ouvriers
Médecine,Prof_Libe
Univ_Science,Employés
IUT/BTS,Prof_Libe
Univ_Science,Ouvriers
IUT/BTS,Cadres
Univ_Socio,Prof_Libe
Ecole_Ingenieurs,Employés
Ecole_Ingenieurs,Employés
Ecole_Ingenieurs,Cadres
Ecole_Ingenieurs,Cadres
Ecole_Ingenieurs,Employés
Ecole_Commerce,Prof_Libe
Ecole_Ingenieurs,Employés
IUT/BTS,Cadres
Ecole_Ingenieurs,Employés
Ecole_Commerce,Prof_Libe
Ecole_Ingenieurs,Prof_Libe
Ecole_Ingenieurs,Employés
Univ_Socio,Prof_Libe
Univ_Science,Ouvriers
Ecole_Commerce,Prof_Libe
Univ_Science,Employés
Médecine,Employés
Univ_Science,Ouvriers
Univ_Socio,Cadres
Univ_Science,Cadres
IUT/BTS,Prof_Libe
IUT/BTS,Employés
Ecole_Ingenieurs,Employés
Univ_Science,Ouvriers
Ecole_Ingenieurs,Ouvriers
Univ_Science,Cadres
Ecole_Ingenieurs,Ouvriers
IUT/BTS,Employés
Ecole_Commerce,Cadres
Médecine,Cadres
Médecine,Prof_Libe
Ecole_Ingenieurs,Cadres
Univ_Science,Cadres
IUT/BTS,Cadres
Univ_Science,Employés
Univ_Science,Employés
Ecole_Commerce,Cadres
Univ_Science,Ouvriers
Univ_Science,Cadres
Univ_Socio,Cadres
Univ_Science,Employés
Univ_Socio,Prof_Libe
Ecole_Ingenieurs,Cadres
Ecole_Ingenieurs,Employés
Univ_Science,Ouvriers
Univ_Science,Cadres
IUT/BTS,Employés
Ecole_Ingenieurs,Employés
IUT/BTS,Ouvriers
IUT/BTS,Employés
Univ_Socio,Prof_Libe
Univ_Science,Employés
IUT/BTS,Ouvriers
Univ_Socio,Prof_Libe
Univ_Science,Cadres
Ecole_Ingenieurs,Cadres
IUT/BTS,Employés
Univ_Science,Employés
IUT/BTS,Prof_Libe
IUT/BTS,Employés
Médecine,Prof_Libe
Univ_Science,Employés
IUT/BTS,Employés
IUT/BTS,Cadres
Ecole_Commerce,Prof_Libe
Ecole_Commerce,Prof_Libe
Univ_Science,Cadres
Univ_Socio,Cadres
Ecole_Commerce,Prof_Libe
Univ_Socio,Ouvriers
Ecole_Commerce,Prof_Libe
Ecole_Ingenieurs,Employés
Ecole_Commerce,Prof_Libe
Univ_Science,Cadres
Ecole_Ingenieurs,Employés
Ecole_Commerce,Employés
Ecole_Ingenieurs,Cadres
Univ_Science,Employés
Ecole_Ingenieurs,Employés
Univ_Science,Ouvriers
Ecole_Commerce,Cadres
Univ_Science,Ouvriers
Univ_Science,Cadres
Univ_Science,Ouvriers
Univ_Science,Employés
Univ_Science,Ouvriers
Univ_Science,Employés
Univ_Science,Ouvriers
Univ_Science,Cadres
Ecole_Ingenieurs,Cadres
Ecole_Commerce,Prof_Libe
Univ_Science,Prof_Libe
Univ_Science,Employés
Ecole_Ingenieurs,Cadres
Ecole_Ingenieurs,Employés
Univ_Science,Ouvriers
Ecole_Commerce,Prof_Libe
Univ_Science,Ouvriers
Médecine,Employés
Univ_Science,Ouvriers
Ecole_Ingenieurs,Employés
Ecole_Ingenieurs,Employés
Ecole_Ingenieurs,Cadres
IUT/BTS,Prof_Libe
Ecole_Ingenieurs,Employés
Ecole_Commerce,Cadres
Univ_Science,Employés
Univ_Science,Cadres
Univ_Socio,Cadres
Univ_Science,Ouvriers
Ecole_Ingenieurs,Cadres
Univ_Science,Prof_Libe
Univ_Socio,Prof_Libe
Univ_Science,Employés
Univ_Science,Employés
Univ_Socio,Cadres
Ecole_Ingenieurs,Cadres
Univ_Science,Ouvriers
Ecole_Commerce,Prof_Libe
Univ_Science,Cadres
Univ_Science,Employés
Univ_Science,Employés
Médecine,Prof_Libe
Univ_Socio,Prof_Libe
IUT/BTS,Prof_Libe
Ecole_Commerce,Prof_Libe
Univ_Science,Prof_Libe
Ecole_Commerce,Prof_Libe
Ecole_Commerce,Cadres
Univ_Socio,Ouvriers
Médecine,Cadres
IUT/BTS,Prof_Libe
Univ_Science,Cadres
Ecole_Ingenieurs,Employés
Univ_Science,Employés
Univ_Socio,Employés
IUT/BTS,Ouvriers
Univ_Science,Ouvriers
Médecine,Ouvriers
Univ_Socio,Prof_Libe
Ecole_Ingenieurs,Employés
Ecole_Ingenieurs,Employés
Univ_Socio,Employés
Médecine,Employés
Médecine,Prof_Libe
Univ_Socio,Prof_Libe
IUT/BTS,Ouvriers
Ecole_Commerce,Prof_Libe
Ecole_Ingenieurs,Employés
IUT/BTS,Ouvriers
Univ_Science,Prof_Libe
Univ_Science,Employés
Ecole_Commerce,Ouvriers
Ecole_Commerce,Cadres
Ecole_Ingenieurs,Cadres
IUT/BTS,Ouvriers
IUT/BTS,Cadres
IUT/BTS,Ouvriers
Univ_Science,Ouvriers
Ecole_Ingenieurs,Ouvriers
Univ_Science,Employés
Univ_Science,Employés
Ecole_Ingenieurs,Employés
Univ_Socio,Ouvriers
Ecole_Ingenieurs,Employés
Médecine,Cadres
IUT/BTS,Cadres
Univ_Science,Ouvriers
IUT/BTS,Cadres
IUT/BTS,Ouvriers
Univ_Science,Employés
Univ_Socio,Prof_Libe
Ecole_Commerce,Prof_Libe
Ecole_Ingenieurs,Cadres
Univ_Socio,Prof_Libe
Univ_Science,Ouvriers
Univ_Science,Ouvriers
Univ_Science,Ouvriers
Univ_Science,Ouvriers
Univ_Science,Employés
Ecole_Ingenieurs,Employés
Univ_Socio,Employés
Univ_Science,Ouvriers
IUT/BTS,Cadres
Ecole_Ingenieurs,Employés
IUT/BTS,Cadres
IUT/BTS,Employés
Médecine,Prof_Libe
Ecole_Commerce,Cadres
Médecine,Employés
IUT/BTS,Employés
Ecole_Commerce,Cadres
IUT/BTS,Employés
Univ_Science,Employés
Ecole_Ingenieurs,Cadres
Médecine,Prof_Libe
Univ_Science,Ouvriers
Univ_Science,Cadres
Univ_Science,Employés
IUT/BTS,Employés
Univ_Science,Ouvriers
IUT/BTS,Cadres
Univ_Socio,Prof_Libe
Ecole_Commerce,Prof_Libe
IUT/BTS,Prof_Libe
Univ_Socio,Employés
Médecine,Cadres
IUT/BTS,Prof_Libe
IUT/BTS,Cadres
Ecole_Commerce,Prof_Libe
Ecole_Ingenieurs,Cadres
Univ_Science,Cadres
Univ_Science,Cadres
IUT/BTS,Prof_Libe
IUT/BTS,Employés
Ecole_Ingenieurs,Cadres
Univ_Science,Ouvriers
Ecole_Ingenieurs,Cadres
Ecole_Commerce,Prof_Libe
Ecole_Commerce,Prof_Libe
Ecole_Commerce,Prof_Libe
IUT/BTS,Ouvriers
IUT/BTS,Ouvriers
Médecine,Prof_Libe
Univ_Science,Employés
Médecine,Employés
Ecole_Ingenieurs,Employés
Ecole_Ingenieurs,Employés
Univ_Socio,Employés
Ecole_Ingenieurs,Employés
Ecole_Ingenieurs,Employés
Univ_Socio,Prof_Libe
Univ_Socio,Employés
Univ_Science,Employés
Médecine,Cadres
IUT/BTS,Cadres
Médecine,Employés
Ecole_Commerce,Cadres
Univ_Socio,Cadres
IUT/BTS,Cadres
Ecole_Commerce,Cadres
Ecole_Ingenieurs,Cadres
Univ_Science,Employés
Ecole_Commerce,Cadres
Univ_Socio,Prof_Libe
Médecine,Prof_Libe
Médecine,Employés
Ecole_Commerce,Prof_Libe
Ecole_Commerce,Prof_Libe
Ecole_Ingenieurs,Employés
Ecole_Ingenieurs,Cadres
Univ_Science,Employés
Ecole_Commerce,Prof_Libe
Univ_Socio,Prof_Libe
Ecole_Commerce,Cadres
Médecine,Cadres
Univ_Socio,Prof_Libe
Univ_Science,Cadres
Ecole_Ingenieurs,Employés
Univ_Science,Cadres
Ecole_Ingenieurs,Cadres
IUT/BTS,Cadres
IUT/BTS,Ouvriers
Ecole_Ingenieurs,Employés
Univ_Science,Ouvriers
Ecole_Commerce,Prof_Libe
Univ_Science,Cadres
Univ_Science,Employés
Ecole_Ingenieurs,Employés
Univ_Socio,Employés
Ecole_Commerce,Prof_Libe
Médecine,Cadres
Médecine,Employés
Univ_Science,Prof_Libe
Ecole_Commerce,Prof_Libe
Univ_Science,Employés
Ecole_Commerce,Prof_Libe
IUT/BTS,Ouvriers
Ecole_Commerce,Employés
Univ_Science,Employés
Univ_Socio,Cadres
Ecole_Commerce,Prof_Libe
Ecole_Ingenieurs,Employés
Ecole_Ingenieurs,Employés
Univ_Science,Ouvriers
Univ_Science,Employés
Univ_Science,Employés
Médecine,Employés
Univ_Science,Cadres
Ecole_Ingenieurs,Cadres
IUT/BTS,Cadres
Ecole_Ingenieurs,Employés
Univ_Science,Ouvriers
Médecine,Cadres
Univ_Science,Cadres
Médecine,Cadres
IUT/BTS,Employés
Médecine,Employés
Univ_Science,Employés
Univ_Socio,Ouvriers
Ecole_Ingenieurs,Ouvriers
Ecole_Commerce,Prof_Libe
IUT/BTS,Ouvriers
Médecine,Prof_Libe
Univ_Science,Ouvriers
Univ_Science,Ouvriers
Univ_Science,Employés
Univ_Science,Ouvriers
Médecine,Prof_Libe
IUT/BTS,Ouvriers
Médecine,Cadres
Ecole_Commerce,Cadres
Univ_Socio,Employés
Médecine,Cadres
Univ_Science,Employés
Ecole_Ingenieurs,Employés
Médecine,Employés
Univ_Science,Ouvriers
IUT/BTS,Ouvriers
Ecole_Ingenieurs,Employés
IUT/BTS,Employés
Univ_Science,Cadres
Univ_Science,Cadres
Ecole_Commerce,Cadres
IUT/BTS,Ouvriers
IUT/BTS,Ouvriers
Univ_Science,Cadres
Ecole_Ingenieurs,Cadres
IUT/BTS,Employés
Univ_Socio,Prof_Libe
Ecole_Ingenieurs,Employés
Ecole_Commerce,Cadres
Ecole_Ingenieurs,Employés
IUT/BTS,Ouvriers
Ecole_Ingenieurs,Employés
Ecole_Ingenieurs,Cadres
IUT/BTS,Ouvriers
Univ_Socio,Cadres
Ecole_Ingenieurs,Employés
Médecine,Employés
Univ_Science,Employés
Ecole_Ingenieurs,Cadres
IUT/BTS,Prof_Libe
Médecine,Employés
Ecole_Ingenieurs,Employés
Univ_Science,Cadres
Médecine,Employés
Univ_Socio,Cadres
Médecine,Employés
IUT/BTS,Ouvriers
Univ_Science,Ouvriers
Ecole_Ingenieurs,Employés
Médecine,Cadres
Univ_Science,Ouvriers
Univ_Science,Employés
Univ_Science,Employés
Univ_Science,Employés
Univ_Socio,Prof_Libe
IUT/BTS,Ouvriers
Médecine,Employés
Univ_Science,Ouvriers
Univ_Science,Employés
Univ_Science,Ouvriers
Univ_Socio,Prof_Libe
Univ_Science,Ouvriers
Ecole_Commerce,Prof_Libe
Ecole_Ingenieurs,Employés
Univ_Science,Cadres
Ecole_Ingenieurs,Employés
Univ_Science,Cadres
Ecole_Commerce,Employés
Univ_Socio,Employés
IUT/BTS,Cadres
Ecole_Ingenieurs,Ouvriers
Univ_Science,Ouvriers
Univ_Science,Employés
IUT/BTS,Employés
Univ_Science,Prof_Libe
Ecole_Commerce,Prof_Libe
Ecole_Commerce,Cadres
Univ_Science,Employés
Univ_Socio,Prof_Libe
Médecine,Cadres
IUT/BTS,Ouvriers
Univ_Science,Ouvriers
Ecole_Ingenieurs,Cadres
Ecole_Ingenieurs,Employés
IUT/BTS,Ouvriers
Ecole_Ingenieurs,Cadres
Univ_Socio,Prof_Libe
Univ_Science,Ouvriers
Ecole_Ingenieurs,Employés
IUT/BTS,Cadres
IUT/BTS,Cadres
Médecine,Ouvriers
Ecole_Commerce,Prof_Libe
IUT/BTS,Cadres
Médecine,Employés
Univ_Science,Employés
Médecine,Cadres
Univ_Science,Cadres
Univ_Science,Employés
Univ_Science,Ouvriers
Ecole_Ingenieurs,Employés
Univ_Science,Ouvriers
Ecole_Commerce,Prof_Libe
Univ_Science,Employés
Univ_Science,Prof_Libe
Ecole_Ingenieurs,Employés
IUT/BTS,Cadres
Ecole_Commerce,Cadres
IUT/BTS,Employés
Univ_Science,Employés
IUT/BTS,Cadres
IUT/BTS,Ouvriers
Médecine,Employés
Ecole_Ingenieurs,Employés
Univ_Science,Ouvriers
Univ_Science,Prof_Libe
Univ_Science,Employés
Univ_Socio,Prof_Libe
IUT/BTS,Employés
Ecole_Commerce,Prof_Libe
Univ_Socio,Ouvriers
Univ_Science,Cadres
Médecine,Employés
Univ_Science,Cadres
Ecole_Commerce,Cadres
IUT/BTS,Employés
Univ_Socio,Ouvriers
Univ_Science,Ouvriers
Univ_Science,Ouvriers
Univ_Socio,Prof_Libe
Univ_Socio,Employés
Médecine,Cadres
Univ_Science,Employés
Univ_Science,Ouvriers
IUT/BTS,Prof_Libe
IUT/BTS,Cadres
Médecine,Employés
Univ_Science,Cadres
IUT/BTS,Cadres
Ecole_Ingenieurs,Prof_Libe
Univ_Science,Ouvriers
Ecole_Ingenieurs,Employés
Univ_Science,Ouvriers
Univ_Socio,Employés
Ecole_Ingenieurs,Cadres
Médecine,Prof_Libe
Univ_Science,Cadres
Univ_Science,Employés
Ecole_Commerce,Prof_Libe
Ecole_Commerce,Employés
IUT/BTS,Cadres
Univ_Science,Prof_Libe
Ecole_Ingenieurs,Employés
Univ_Science,Ouvriers
Univ_Science,Employés
Ecole_Commerce,Prof_Libe
Univ_Science,Cadres
Univ_Science,Employés
Ecole_Ingenieurs,Prof_Libe
Univ_Science,Ouvriers
Univ_Science,Ouvriers
Univ_Science,Ouvriers
Univ_Science,Cadres
Univ_Science,Ouvriers
Ecole_Ingenieurs,Employés
Univ_Science,Ouvriers
IUT/BTS,Ouvriers
Médecine,Employés
Univ_Science,Cadres
Univ_Socio,Prof_Libe
Ecole_Ingenieurs,Employés
Médecine,Employés
Univ_Science,Ouvriers
Univ_Science,Employés
Médecine,Prof_Libe
Médecine,Prof_Libe
Univ_Science,Employés
Univ_Science,Ouvriers
Univ_Science,Prof_Libe
Ecole_Commerce,Cadres
Ecole_Ingenieurs,Ouvriers
Univ_Socio,Employés
Univ_Science,Ouvriers
Ecole_Commerce,Cadres
Univ_Science,Employés
IUT/BTS,Cadres
Ecole_Commerce,Prof_Libe
Univ_Science,Employés
Médecine,Cadres
Univ_Science,Ouvriers
IUT/BTS,Cadres
Ecole_Commerce,Cadres
Univ_Science,Ouvriers
Ecole_Commerce,Prof_Libe
Ecole_Commerce,Prof_Libe
Médecine,Prof_Libe
Ecole_Commerce,Prof_Libe
Ecole_Ingenieurs,Cadres
Ecole_Ingenieurs,Employés
Médecine,Cadres
IUT/BTS,Employés
Univ_Science,Employés
Univ_Science,Ouvriers
Ecole_Commerce,Cadres
IUT/BTS,Cadres
Médecine,Cadres
Médecine,Ouvriers
Ecole_Ingenieurs,Cadres
Ecole_Ingenieurs,Cadres
Ecole_Ingenieurs,Cadres
Ecole_Ingenieurs,Employés
IUT/BTS,Employés
Médecine,Employés
IUT/BTS,Ouvriers
Univ_Science,Ouvriers
Ecole_Ingenieurs,Employés
IUT/BTS,Employés
Univ_Science,Ouvriers
Univ_Science,Ouvriers
Univ_Science,Ouvriers
Ecole_Ingenieurs,Cadres
Ecole_Ingenieurs,Cadres
Univ_Science,Ouvriers
Univ_Science,Employés
Univ_Science,Cadres
Ecole_Commerce,Cadres
Ecole_Ingenieurs,Employés
Univ_Science,Employés
Ecole_Ingenieurs,Cadres
Médecine,Prof_Libe
IUT/BTS,Ouvriers
Ecole_Ingenieurs,Employés
Univ_Science,Cadres
Ecole_Ingenieurs,Ouvriers
IUT/BTS,Employés
Univ_Science,Cadres
Médecine,Prof_Libe
Univ_Socio,Prof_Libe
Univ_Science,Employés
Ecole_Ingenieurs,Cadres
Univ_Science,Prof_Libe
Univ_Science,Ouvriers
Univ_Science,Ouvriers
Ecole_Ingenieurs,Employés
Univ_Socio,Prof_Libe
Univ_Science,Employés
Univ_Science,Employés
Univ_Socio,Employés
Univ_Socio,Cadres
Ecole_Ingenieurs,Employés
Ecole_Ingenieurs,Employés
Ecole_Ingenieurs,Employés
Ecole_Ingenieurs,Employés
Univ_Science,Employés
Médecine,Prof_Libe
Ecole_Ingenieurs,Employés
Univ_Socio,Employés
Ecole_Ingenieurs,Cadres
Univ_Socio,Ouvriers
Ecole_Commerce,Cadres
Médecine,Ouvriers
Univ_Science,Cadres
Univ_Science,Ouvriers
Ecole_Ingenieurs,Employés
Univ_Socio,Cadres
Univ_Science,Ouvriers
Ecole_Ingenieurs,Cadres
Ecole_Ingenieurs,Employés
Médecine,Cadres
IUT/BTS,Ouvriers
Univ_Socio,Cadres
Univ_Science,Cadres
Univ_Socio,Prof_Libe
Univ_Science,Employés
Univ_Science,Ouvriers
Univ_Socio,Employés
Univ_Science,Ouvriers
Univ_Socio,Prof_Libe
Univ_Socio,Employés
Médecine,Cadres
Univ_Science,Cadres
Univ_Science,Ouvriers
Univ_Socio,Employés
Médecine,Cadres
IUT/BTS,Cadres
Ecole_Commerce,Prof_Libe
Ecole_Ingenieurs,Cadres
Ecole_Ingenieurs,Employés
Univ_Science,Employés
IUT/BTS,Ouvriers
IUT/BTS,Employés
Médecine,Prof_Libe
Médecine,Employés
Médecine,Cadres
Médecine,Employés
IUT/BTS,Cadres
Ecole_Ingenieurs,Employés
Médecine,Ouvriers
Médecine,Prof_Libe
Ecole_Ingenieurs,Cadres
Univ_Science,Employés
Ecole_Ingenieurs,Cadres
Médecine,Prof_Libe
IUT/BTS,Cadres
Ecole_Ingenieurs,Cadres
Univ_Science,Ouvriers
Univ_Science,Employés
Univ_Science,Employés
Médecine,Employés
Univ_Socio,Cadres
Univ_Science,Ouvriers
Ecole_Ingenieurs,Employés
Univ_Science,Ouvriers
Ecole_Commerce,Cadres
Univ_Socio,Prof_Libe
Médecine,Cadres
Univ_Science,Cadres
Univ_Science,Employés
IUT/BTS,Employés
Univ_Science,Employés
Ecole_Commerce,Prof_Libe
Médecine,Prof_Libe
Ecole_Ingenieurs,Cadres
Ecole_Ingenieurs,Cadres
Univ_Science,Ouvriers
Univ_Science,Ouvriers
Ecole_Commerce,Cadres
Ecole_Ingenieurs,Ouvriers
Univ_Science,Ouvriers
Médecine,Prof_Libe
Univ_Science,Ouvriers
Ecole_Ingenieurs,Cadres
Médecine,Prof_Libe
IUT/BTS,Cadres
IUT/BTS,Prof_Libe
IUT/BTS,Cadres
IUT/BTS,Ouvriers
Ecole_Ingenieurs,Employés
Ecole_Commerce,Prof_Libe
Médecine,Employés
IUT/BTS,Employés
Ecole_Commerce,Prof_Libe
Univ_Socio,Employés
Ecole_Commerce,Cadres
Ecole_Ingenieurs,Cadres
Ecole_Commerce,Prof_Libe
Ecole_Ingenieurs,Employés
Ecole_Ingenieurs,Employés
Médecine,Prof_Libe
Univ_Science,Cadres
Médecine,Employés
IUT/BTS,Employés
Univ_Socio,Prof_Libe
Univ_Science,Cadres
IUT/BTS,Prof_Libe
Médecine,Prof_Libe
Médecine,Cadres
Ecole_Ingenieurs,Employés
Univ_Socio,Prof_Libe
Ecole_Ingenieurs,Ouvriers
Univ_Science,Employés
Ecole_Commerce,Cadres
IUT/BTS,Cadres
Ecole_Commerce,Cadres
Univ_Science,Employés
Ecole_Ingenieurs,Prof_Libe
Univ_Science,Employés
IUT/BTS,Employés
Univ_Science,Employés
Ecole_Ingenieurs,Ouvriers
IUT/BTS,Employés
Ecole_Commerce,Prof_Libe
Médecine,Prof_Libe
Univ_Science,Ouvriers
IUT/BTS,Ouvriers
Médecine,Ouvriers
Univ_Science,Ouvriers
Ecole_Ingenieurs,Prof_Libe
Univ_Science,Employés
Univ_Socio,Employés
Univ_Science,Employés
Ecole_Ingenieurs,Cadres
Univ_Science,Employés
Ecole_Ingenieurs,Cadres
Ecole_Ingenieurs,Ouvriers
IUT/BTS,Prof_Libe
Ecole_Commerce,Cadres
Univ_Science,Ouvriers
Ecole_Ingenieurs,Employés
Ecole_Ingenieurs,Employés
Médecine,Employés
Ecole_Ingenieurs,Employés
Ecole_Ingenieurs,Employés
Univ_Science,Ouvriers
Médecine,Prof_Libe
Univ_Science,Ouvriers
IUT/BTS,Ouvriers
Médecine,Prof_Libe
Médecine,Cadres
Ecole_Ingenieurs,Employés
Ecole_Ingenieurs,Prof_Libe
Univ_Science,Employés
Ecole_Ingenieurs,Employés
IUT/BTS,Ouvriers
Univ_Socio,Prof_Libe
Ecole_Commerce,Prof_Libe
Univ_Science,Employés
Univ_Science,Cadres
Univ_Socio,Prof_Libe
Médecine,Cadres
IUT/BTS,Cadres
IUT/BTS,Employés
Médecine,Employés
Univ_Science,Ouvriers
IUT/BTS,Ouvriers
Univ_Science,Employés
Univ_Science,Ouvriers
Ecole_Commerce,Prof_Libe
Univ_Science,Ouvriers
Médecine,Cadres
Médecine,Cadres
Ecole_Ingenieurs,Employés
IUT/BTS,Employés
Univ_Science,Employés
Ecole_Ingenieurs,Employés
Ecole_Commerce,Prof_Libe
Ecole_Ingenieurs,Employés
IUT/BTS,Cadres
IUT/BTS,Cadres
Médecine,Employés
Ecole_Ingenieurs,Cadres
Médecine,Employés
Univ_Science,Ouvriers
Ecole_Ingenieurs,Cadres
Ecole_Commerce,Cadres
Univ_Science,Cadres
Ecole_Commerce,Prof_Libe
Ecole_Ingenieurs,Employés
Ecole_Commerce,Cadres
Ecole_Commerce,Prof_Libe
Ecole_Ingenieurs,Cadres
IUT/BTS,Cadres
Ecole_Commerce,Prof_Libe
Ecole_Ingenieurs,Cadres
Univ_Science,Ouvriers
IUT/BTS,Ouvriers
Univ_Socio,Cadres
Univ_Science,Cadres
Médecine,Employés
Ecole_Ingenieurs,Employés
Ecole_Ingenieurs,Ouvriers
Univ_Socio,Employés
Ecole_Ingenieurs,Ouvriers
Ecole_Ingenieurs,Employés
Univ_Science,Prof_Libe
Ecole_Ingenieurs,Cadres
Ecole_Ingenieurs,Employés
Ecole_Ingenieurs,Cadres
IUT/BTS,Prof_Libe
Univ_Science,Ouvriers
Ecole_Ingenieurs,Employés
Univ_Science,Employés
IUT/BTS,Prof_Libe
Univ_Science,Employés
Univ_Socio,Prof_Libe
Ecole_Ingenieurs,Cadres
Ecole_Ingenieurs,Employés
Ecole_Ingenieurs,Employés
Univ_Science,Ouvriers
Ecole_Commerce,Prof_Libe
Univ_Science,Employés
Univ_Socio,Prof_Libe
Médecine,Cadres
Univ_Science,Employés
Univ_Science,Ouvriers
Univ_Socio,Employés
Ecole_Ingenieurs,Employés
Univ_Science,Ouvriers
Ecole_Ingenieurs,Prof_Libe
Ecole_Ingenieurs,Cadres
Univ_Science,Employés
Médecine,Cadres
Univ_Science,Ouvriers
Ecole_Commerce,Cadres
Ecole_Ingenieurs,Employés
IUT/BTS,Employés
Ecole_Commerce,Cadres
Univ_Science,Employés
Ecole_Commerce,Cadres
Médecine,Prof_Libe
Univ_Science,Ouvriers
Ecole_Commerce,Employés
Univ_Socio,Cadres
Ecole_Ingenieurs,Cadres
Ecole_Ingenieurs,Employés
Ecole_Ingenieurs,Cadres
Univ_Science,Cadres
Univ_Science,Cadres
Médecine,Employés
Ecole_Commerce,Cadres
Ecole_Commerce,Prof_Libe
Médecine,Cadres
Ecole_Commerce,Prof_Libe
Ecole_Ingenieurs,Employés
Univ_Socio,Prof_Libe
Ecole_Ingenieurs,Employés
Ecole_Ingenieurs,Employés
Médecine,Cadres
Ecole_Ingenieurs,Employés
Univ_Science,Employés
Ecole_Commerce,Prof_Libe
IUT/BTS,Prof_Libe
Univ_Socio,Ouvriers
Univ_Science,Ouvriers
Ecole_Ingenieurs,Ouvriers
IUT/BTS,Cadres
Univ_Science,Employés
Ecole_Commerce,Cadres
Univ_Socio,Prof_Libe
Univ_Science,Employés
Univ_Science,Cadres
Médecine,Employés
Univ_Science,Cadres
Ecole_Commerce,Prof_Libe
Ecole_Ingenieurs,Cadres
Univ_Socio,Prof_Libe
Univ_Science,Prof_Libe
Univ_Science,Prof_Libe
Médecine,Prof_Libe
IUT/BTS,Ouvriers
Univ_Science,Employés
Univ_Science,Ouvriers
Univ_Science,Employés
Univ_Science,Ouvriers
Ecole_Ingenieurs,Ouvriers
IUT/BTS,Ouvriers
Univ_Science,Cadres
IUT/BTS,Cadres
Univ_Socio,Cadres
Ecole_Ingenieurs,Cadres
Ecole_Ingenieurs,Cadres
Médecine,Employés
Médecine,Cadres
Univ_Science,Employés
Univ_Science,Ouvriers
Ecole_Commerce,Ouvriers
Ecole_Commerce,Cadres
Ecole_Ingenieurs,Cadres
Ecole_Commerce,Cadres
IUT/BTS,Prof_Libe
Ecole_Ingenieurs,Prof_Libe
Ecole_Commerce,Prof_Libe
Univ_Science,Ouvriers
Univ_Science,Employés
IUT/BTS,Employés
Univ_Science,Employés
Univ_Science,Cadres
IUT/BTS,Prof_Libe
Médecine,Cadres
Ecole_Ingenieurs,Ouvriers
Univ_Science,Ouvriers
Médecine,Ouvriers
Médecine,Cadres
Ecole_Commerce,Prof_Libe
Ecole_Ingenieurs,Employés
Univ_Science,Ouvriers
Ecole_Ingenieurs,Cadres
Médecine,Cadres
Médecine,Prof_Libe
Médecine,Employés
IUT/BTS,Employés
Ecole_Commerce,Employés
Ecole_Commerce,Prof_Libe
Univ_Science,Cadres
Ecole_Ingenieurs,Employés
Univ_Science,Ouvriers
IUT/BTS,Ouvriers
Univ_Science,Ouvriers
Médecine,Cadres
Univ_Science,Employés
Ecole_Commerce,Prof_Libe
Univ_Science,Ouvriers
Ecole_Commerce,Prof_Libe
IUT/BTS,Ouvriers
Univ_Science,Employés
Univ_Science,Employés
Univ_Science,Employés
Ecole_Ingenieurs,Employés
Univ_Socio,Employés
Médecine,Prof_Libe
Univ_Science,Cadres
Univ_Science,Ouvriers
Univ_Science,Employés
IUT/BTS,Ouvriers
Univ_Science,Ouvriers
Ecole_Commerce,Cadres
IUT/BTS,Employés
Ecole_Ingenieurs,Employés
Univ_Science,Cadres
Ecole_Commerce,Cadres
Médecine,Ouvriers
IUT/BTS,Employés
IUT/BTS,Ouvriers
Univ_Science,Employés
IUT/BTS,Employés
Univ_Science,Employés
Univ_Science,Employés
Ecole_Commerce,Cadres
Univ_Science,Cadres
Ecole_Ingenieurs,Employés
Univ_Science,Ouvriers
Ecole_Ingenieurs,Employés
Univ_Science,Employés
Ecole_Ingenieurs,Ouvriers
Univ_Science,Ouvriers
Univ_Science,Ouvriers
Ecole_Ingenieurs,Employés
Médecine,Cadres
IUT/BTS,Prof_Libe
Ecole_Ingenieurs,Employés
Univ_Science,Employés
Univ_Science,Cadres
Univ_Science,Employés
Univ_Science,Ouvriers
Univ_Socio,Cadres
Univ_Science,Cadres
Ecole_Commerce,Prof_Libe
IUT/BTS,Prof_Libe
Ecole_Ingenieurs,Employés
Ecole_Ingenieurs,Employés
Ecole_Commerce,Prof_Libe
Ecole_Commerce,Cadres
Ecole_Ingenieurs,Employés
Univ_Science,Ouvriers
Ecole_Commerce,Prof_Libe
Ecole_Commerce,Prof_Libe
Ecole_Ingenieurs,Ouvriers
Ecole_Ingenieurs,Employés
Univ_Science,Ouvriers
Médecine,Prof_Libe
Ecole_Commerce,Cadres
Ecole_Ingenieurs,Employés
Univ_Science,Ouvriers
Ecole_Ingenieurs,Employés
Univ_Science,Ouvriers
Médecine,Prof_Libe
Ecole_Ingenieurs,Prof_Libe
Univ_Science,Ouvriers
Univ_Science,Employés
Univ_Socio,Employés
Univ_Science,Employés
Ecole_Ingenieurs,Employés
Ecole_Commerce,Cadres
Ecole_Ingenieurs,Employés
Ecole_Commerce,Cadres
Univ_Science,Ouvriers
Univ_Science,Cadres
Univ_Science,Cadres
Univ_Science,Ouvriers
Ecole_Ingenieurs,Employés
Ecole_Ingenieurs,Cadres
Univ_Science,Ouvriers
Univ_Science,Cadres
Univ_Science,Employés
Univ_Science,Cadres
Univ_Science,Employés
Ecole_Ingenieurs,Cadres
Univ_Science,Employés
IUT/BTS,Employés
IUT/BTS,Cadres
Médecine,Ouvriers
Médecine,Employés
Ecole_Commerce,Prof_Libe
Ecole_Ingenieurs,Employés
IUT/BTS,Ouvriers
Univ_Science,Employés
IUT/BTS,Employés
Ecole_Ingenieurs,Employés
IUT/BTS,Ouvriers
Ecole_Commerce,Cadres
Ecole_Ingenieurs,Cadres
Univ_Socio,Prof_Libe
Ecole_Commerce,Cadres
Univ_Science,Ouvriers
Univ_Science,Employés
Ecole_Commerce,Prof_Libe
Univ_Socio,Employés
Univ_Science,Ouvriers
IUT/BTS,Cadres
Univ_Science,Employés
Ecole_Ingenieurs,Prof_Libe
Ecole_Commerce,Prof_Libe
Univ_Science,Ouvriers
Univ_Science,Cadres
Ecole_Commerce,Cadres
Univ_Science,Ouvriers
Univ_Science,Employés
Univ_Science,Employés
Ecole_Commerce,Prof_Libe
Univ_Science,Employés
Ecole_Commerce,Prof_Libe
Ecole_Ingenieurs,Cadres
IUT/BTS,Employés
Ecole_Ingenieurs,Cadres
Ecole_Commerce,Prof_Libe
Ecole_Ingenieurs,Employés
Ecole_Commerce,Prof_Libe
Univ_Science,Employés
Ecole_Ingenieurs,Employés
Univ_Science,Prof_Libe
Ecole_Commerce,Prof_Libe
IUT/BTS,Prof_Libe
Univ_Socio,Employés
Univ_Science,Employés
Univ_Socio,Prof_Libe
Ecole_Ingenieurs,Ouvriers
IUT/BTS,Ouvriers
Univ_Science,Employés
IUT/BTS,Employés
Ecole_Ingenieurs,Cadres
Médecine,Employés
IUT/BTS,Employés
Univ_Socio,Prof_Libe
Univ_Science,Ouvriers
Médecine,Cadres
Médecine,Prof_Libe
IUT/BTS,Cadres
Univ_Science,Employés
Univ_Science,Ouvriers
Ecole_Ingenieurs,Ouvriers
Univ_Socio,Employés
Univ_Science,Employés
Ecole_Ingenieurs,Cadres
Univ_Science,Cadres
Univ_Science,Ouvriers
IUT/BTS,Ouvriers
IUT/BTS,Employés
Médecine,Prof_Libe
Ecole_Ingenieurs,Ouvriers
Univ_Socio,Employés
Univ_Science,Employés
Univ_Science,Employés
Ecole_Commerce,Cadres
IUT/BTS,Ouvriers
Ecole_Commerce,Prof_Libe
Univ_Science,Employés
Univ_Science,Ouvriers
Univ_Science,Ouvriers
Ecole_Commerce,Prof_Libe
Univ_Socio,Employés
Univ_Science,Ouvriers
Ecole_Ingenieurs,Ouvriers
Médecine,Ouvriers
Univ_Science,Cadres
IUT/BTS,Cadres
Univ_Science,Prof_Libe
Univ_Science,Employés
Univ_Socio,Employés
Univ_Socio,Employés
Médecine,Ouvriers
Univ_Science,Ouvriers
Ecole_Ingenieurs,Cadres
IUT/BTS,Employés
Univ_Socio,Prof_Libe
Ecole_Ingenieurs,Employés
Ecole_Ingenieurs,Cadres
Ecole_Commerce,Ouvriers
Ecole_Ingenieurs,Prof_Libe
Médecine,Ouvriers
IUT/BTS,Prof_Libe
Ecole_Ingenieurs,Ouvriers
Ecole_Commerce,Prof_Libe
IUT/BTS,Cadres
Univ_Science,Prof_Libe
IUT/BTS,Employés
Ecole_Ingenieurs,Cadres
Médecine,Employés
Médecine,Prof_Libe
Médecine,Employés
Ecole_Ingenieurs,Employés
Médecine,Prof_Libe
Médecine,Ouvriers
Univ_Science,Employés
Ecole_Commerce,Prof_Libe
Univ_Science,Ouvriers
Ecole_Ingenieurs,Cadres
Médecine,Employés
Ecole_Commerce,Cadres
Univ_Science,Cadres
Ecole_Commerce,Prof_Libe
Univ_Science,Employés
Univ_Socio,Prof_Libe
IUT/BTS,Cadres
Ecole_Ingenieurs,Employés
Univ_Socio,Employés
Univ_Socio,Employés
Univ_Socio,Cadres
Univ_Socio,Employés
Univ_Socio,Employés
Univ_Socio,Prof_Libe
Univ_Socio,Cadres
Univ_Science,Prof_Libe
Ecole_Commerce,Prof_Libe
Univ_Science,Prof_Libe
Ecole_Ingenieurs,Cadres
Ecole_Commerce,Prof_Libe
Ecole_Commerce,Prof_Libe
Univ_Science,Ouvriers
Ecole_Commerce,Prof_Libe
Univ_Science,Employés
Médecine,Employés
Univ_Science,Cadres
Univ_Socio,Ouvriers
Univ_Socio,Employés
Ecole_Ingenieurs,Employés
Médecine,Prof_Libe
IUT/BTS,Prof_Libe
IUT/BTS,Prof_Libe
Ecole_Ingenieurs,Prof_Libe
Ecole_Commerce,Prof_Libe
Médecine,Employés
Univ_Science,Ouvriers
Univ_Science,Employés
IUT/BTS,Employés
Ecole_Ingenieurs,Employés
IUT/BTS,Cadres
Univ_Science,Cadres
Univ_Science,Employés
Ecole_Ingenieurs,Employés
IUT/BTS,Ouvriers
IUT/BTS,Cadres
Médecine,Cadres
Médecine,Ouvriers
Univ_Science,Prof_Libe
Univ_Socio,Employés
Ecole_Commerce,Prof_Libe
Ecole_Commerce,Prof_Libe
Univ_Science,Cadres
Ecole_Commerce,Cadres
Ecole_Ingenieurs,Cadres
Ecole_Commerce,Prof_Libe
IUT/BTS,Ouvriers
Univ_Science,Ouvriers
Ecole_Ingenieurs,Employés
IUT/BTS,Ouvriers
Univ_Socio,Prof_Libe
Ecole_Ingenieurs,Employés
Univ_Science,Employés
IUT/BTS,Employés
IUT/BTS,Employés
Ecole_Commerce,Prof_Libe
Univ_Socio,Prof_Libe
Univ_Science,Ouvriers
IUT/BTS,Employés
IUT/BTS,Ouvriers
Ecole_Ingenieurs,Employés
Univ_Science,Employés
Ecole_Ingenieurs,Ouvriers
Ecole_Ingenieurs,Ouvriers
Ecole_Ingenieurs,Ouvriers
Univ_Science,Employés
IUT/BTS,Employés
Univ_Science,Cadres
IUT/BTS,Cadres
Univ_Science,Employés
Ecole_Commerce,Prof_Libe
Ecole_Commerce,Cadres
Univ_Science,Cadres
Médecine,Cadres
Univ_Science,Cadres
Univ_Science,Ouvriers
Ecole_Ingenieurs,Employés
Ecole_Ingenieurs,Employés
Univ_Science,Cadres
Médecine,Employés
IUT/BTS,Employés
IUT/BTS,Ouvriers
Univ_Socio,Cadres
Univ_Science,Prof_Libe
IUT/BTS,Ouvriers
Univ_Science,Cadres
Univ_Science,Ouvriers
Ecole_Ingenieurs,Employés
Médecine,Prof_Libe
Ecole_Ingenieurs,Cadres
Ecole_Commerce,Prof_Libe
Ecole_Commerce,Employés
IUT/BTS,Ouvriers
Univ_Science,Employés
Ecole_Ingenieurs,Employés
Univ_Socio,Ouvriers
Univ_Science,Ouvriers
Ecole_Ingenieurs,Cadres
IUT/BTS,Cadres
Ecole_Commerce,Cadres
Univ_Science,Prof_Libe
IUT/BTS,Ouvriers
Univ_Socio,Prof_Libe
Univ_Socio,Employés
Médecine,Prof_Libe
Médecine,Prof_Libe
Médecine,Prof_Libe
Ecole_Commerce,Prof_Libe
Univ_Socio,Prof_Libe
Univ_Science,Employés
Médecine,Cadres
Ecole_Commerce,Prof_Libe
IUT/BTS,Ouvriers
Ecole_Commerce,Prof_Libe
Ecole_Ingenieurs,Employés
Univ_Science,Ouvriers
Ecole_Ingenieurs,Ouvriers
Univ_Science,Employés
Univ_Socio,Employés
Médecine,Cadres
Ecole_Ingenieurs,Employés
Univ_Science,Employés
Ecole_Commerce,Prof_Libe
Médecine,Employés
Univ_Socio,Employés
Univ_Socio,Employés
Univ_Science,Ouvriers
Univ_Science,Employés
Univ_Socio,Ouvriers
Médecine,Prof_Libe
IUT/BTS,Prof_Libe
Ecole_Commerce,Employés
Médecine,Cadres
IUT/BTS,Ouvriers
Ecole_Commerce,Cadres
Médecine,Employés
IUT/BTS,Employés
Ecole_Ingenieurs,Employés
Médecine,Prof_Libe
Univ_Socio,Employés
Médecine,Employés
Univ_Science,Employés
Médecine,Prof_Libe
Ecole_Ingenieurs,Employés
Univ_Science,Employés
IUT/BTS,Cadres
Ecole_Commerce,Prof_Libe
IUT/BTS,Employés
Univ_Science,Ouvriers
Univ_Science,Employés
Ecole_Ingenieurs,Cadres
Univ_Science,Employés
IUT/BTS,Prof_Libe
Ecole_Commerce,Employés
Ecole_Ingenieurs,Employés
IUT/BTS,Prof_Libe
Ecole_Ingenieurs,Cadres
Univ_Science,Ouvriers
Médecine,Cadres
Univ_Science,Employés
Ecole_Commerce,Prof_Libe
Univ_Science,Employés
Univ_Science,Employés
IUT/BTS,Prof_Libe
IUT/BTS,Employés
Médecine,Prof_Libe
Ecole_Ingenieurs,Cadres
Univ_Socio,Prof_Libe
Univ_Socio,Ouvriers
Ecole_Ingenieurs,Cadres
Univ_Science,Prof_Libe
Ecole_Commerce,Cadres
IUT/BTS,Prof_Libe
Médecine,Prof_Libe
Ecole_Ingenieurs,Employés
Ecole_Ingenieurs,Employés
IUT/BTS,Cadres
Univ_Science,Ouvriers
Médecine,Cadres
Ecole_Commerce,Prof_Libe
Ecole_Ingenieurs,Ouvriers
Univ_Science,Ouvriers
Ecole_Commerce,Prof_Libe
Ecole_Commerce,Prof_Libe
IUT/BTS,Ouvriers
Ecole_Ingenieurs,Employés
Univ_Socio,Prof_Libe
Univ_Science,Cadres
Ecole_Ingenieurs,Employés
Univ_Science,Ouvriers
IUT/BTS,Ouvriers
Médecine,Employés
Ecole_Commerce,Cadres
Ecole_Ingenieurs,Cadres
Univ_Socio,Prof_Libe
Ecole_Commerce,Cadres
Univ_Science,Employés
Ecole_Ingenieurs,Cadres
Ecole_Ingenieurs,Employés
Univ_Socio,Employés
Univ_Science,Ouvriers
Médecine,Cadres
Univ_Science,Employés
Ecole_Ingenieurs,Cadres
Univ_Science,Employés
Univ_Socio,Prof_Libe
Ecole_Ingenieurs,Employés
Univ_Science,Cadres
Univ_Socio,Prof_Libe
IUT/BTS,Ouvriers
Médecine,Employés
Univ_Science,Cadres
Univ_Science,Employés
Ecole_Ingenieurs,Cadres
Univ_Science,Ouvriers
Univ_Science,Cadres
IUT/BTS,Cadres
Univ_Science,Ouvriers
Univ_Science,Ouvriers
Univ_Science,Cadres
Univ_Science,Ouvriers
Ecole_Ingenieurs,Employés
Univ_Science,Employés
Médecine,Employés
Univ_Socio,Employés
Univ_Science,Cadres
Univ_Science,Ouvriers
Univ_Science,Employés
IUT/BTS,Ouvriers
Univ_Science,Cadres
Ecole_Ingenieurs,Employés
Univ_Socio,Prof_Libe
Ecole_Commerce,Cadres
Médecine,Employés
IUT/BTS,Prof_Libe
Univ_Science,Employés
Médecine,Employés
Univ_Science,Ouvriers
Univ_Science,Employés
IUT/BTS,Employés
Univ_Science,Ouvriers
IUT/BTS,Employés
Ecole_Commerce,Prof_Libe
Univ_Science,Prof_Libe
Univ_Science,Ouvriers
Univ_Science,Ouvriers
Univ_Science,Cadres
Univ_Science,Employés
Univ_Science,Employés
Univ_Science,Employés
Univ_Socio,Prof_Libe
Univ_Science,Ouvriers
Univ_Science,Ouvriers
Univ_Science,Ouvriers
Ecole_Ingenieurs,Employés
Univ_Science,Employés
Ecole_Commerce,Prof_Libe
Univ_Science,Ouvriers
Ecole_Ingenieurs,Employés
Ecole_Ingenieurs,Cadres
Ecole_Commerce,Prof_Libe
Univ_Science,Cadres
Univ_Science,Cadres
Univ_Science,Prof_Libe
Univ_Socio,Prof_Libe
Univ_Socio,Prof_Libe
IUT/BTS,Employés
Médecine,Cadres
Univ_Science,Cadres
Univ_Socio,Cadres
IUT/BTS,Prof_Libe
Ecole_Ingenieurs,Prof_Libe
Ecole_Ingenieurs,Employés
Médecine,Cadres
IUT/BTS,Employés
Univ_Science,Ouvriers
IUT/BTS,Ouvriers
Univ_Science,Cadres
IUT/BTS,Ouvriers
Univ_Science,Ouvriers
Univ_Socio,Prof_Libe
Médecine,Prof_Libe
Ecole_Ingenieurs,Employés
Ecole_Ingenieurs,Prof_Libe
Ecole_Ingenieurs,Employés
Médecine,Prof_Libe
IUT/BTS,Ouvriers
Ecole_Ingenieurs,Ouvriers
Médecine,Prof_Libe
Ecole_Ingenieurs,Employés
Médecine,Employés
Univ_Science,Prof_Libe
Ecole_Commerce,Prof_Libe
Univ_Socio,Employés
Univ_Science,Employés
Ecole_Ingenieurs,Cadres
Médecine,Prof_Libe
Univ_Science,Employés
Ecole_Ingenieurs,Cadres
Ecole_Ingenieurs,Cadres
Médecine,Prof_Libe
IUT/BTS,Prof_Libe
Univ_Socio,Cadres
Univ_Science,Ouvriers
Ecole_Ingenieurs,Employés
Ecole_Commerce,Prof_Libe
Univ_Science,Ouvriers
Ecole_Ingenieurs,Employés
IUT/BTS,Employés
Univ_Science,Cadres
Ecole_Commerce,Prof_Libe
Ecole_Commerce,Cadres
Ecole_Ingenieurs,Ouvriers
Ecole_Ingenieurs,Employés
Ecole_Commerce,Prof_Libe
Ecole_Ingenieurs,Employés
IUT/BTS,Employés
Univ_Science,Ouvriers
Médecine,Prof_Libe
Ecole_Commerce,Cadres
Univ_Science,Ouvriers
IUT/BTS,Employés
Univ_Science,Prof_Libe
IUT/BTS,Ouvriers
Univ_Science,Ouvriers
Univ_Science,Prof_Libe
Univ_Science,Cadres
Médecine,Cadres
Ecole_Commerce,Prof_Libe
Ecole_Commerce,Cadres
Ecole_Ingenieurs,Employés
Univ_Science,Employés
IUT/BTS,Prof_Libe
Ecole_Ingenieurs,Cadres
Univ_Science,Employés
Univ_Science,Cadres
Ecole_Ingenieurs,Employés
Univ_Science,Employés
Ecole_Ingenieurs,Cadres
Univ_Science,Ouvriers
Univ_Science,Employés
Univ_Science,Prof_Libe
Ecole_Ingenieurs,Employés
Univ_Science,Employés
Ecole_Ingenieurs,Employés
Ecole_Ingenieurs,Cadres
Univ_Socio,Prof_Libe
Ecole_Ingenieurs,Employés
Ecole_Ingenieurs,Cadres
Univ_Science,Cadres
Médecine,Prof_Libe
Univ_Science,Ouvriers
Ecole_Ingenieurs,Cadres
IUT/BTS,Ouvriers
Ecole_Ingenieurs,Employés
Univ_Science,Ouvriers
IUT/BTS,Cadres
Univ_Socio,Cadres
Médecine,Prof_Libe
Univ_Science,Cadres
Ecole_Commerce,Prof_Libe
Univ_Science,Cadres
Univ_Science,Ouvriers
IUT/BTS,Cadres
Ecole_Commerce,Cadres
Ecole_Ingenieurs,Cadres
Ecole_Ingenieurs,Employés
Ecole_Ingenieurs,Employés
Ecole_Ingenieurs,Employés
Médecine,Employés
Médecine,Prof_Libe
Ecole_Ingenieurs,Employés
Ecole_Commerce,Prof_Libe
Univ_Science,Employés
Univ_Science,Ouvriers
Univ_Socio,Prof_Libe
Univ_Socio,Cadres
Univ_Socio,Prof_Libe
Univ_Science,Employés
IUT/BTS,Ouvriers
IUT/BTS,Cadres
Univ_Science,Employés
Ecole_Commerce,Cadres
Ecole_Commerce,Employés
Ecole_Ingenieurs,Cadres
Médecine,Cadres
Univ_Science,Employés
Ecole_Commerce,Prof_Libe
Univ_Socio,Cadres
Médecine,Employés
IUT/BTS,Cadres
Ecole_Ingenieurs,Employés
Univ_Science,Cadres
IUT/BTS,Cadres
Ecole_Ingenieurs,Employés
IUT/BTS,Cadres
Univ_Science,Ouvriers
IUT/BTS,Employés
Univ_Science,Employés
Ecole_Ingenieurs,Employés
IUT/BTS,Ouvriers
Médecine,Cadres
Univ_Socio,Cadres
Univ_Science,Ouvriers
Univ_Science,Ouvriers
Ecole_Commerce,Cadres
Univ_Science,Ouvriers
Médecine,Employés
Ecole_Commerce,Cadres
Univ_Science,Ouvriers
Univ_Science,Employés
Univ_Science,Ouvriers
Ecole_Ingenieurs,Cadres
IUT/BTS,Ouvriers
Univ_Science,Cadres
Univ_Socio,Cadres
Univ_Science,Cadres
Médecine,Employés
Univ_Science,Cadres
Univ_Science,Cadres
Univ_Science,Cadres
Univ_Science,Cadres
Univ_Science,Ouvriers
Ecole_Ingenieurs,Employés
Univ_Science,Employés
IUT/BTS,Employés
IUT/BTS,Ouvriers
IUT/BTS,Cadres
Univ_Socio,Cadres
Ecole_Commerce,Prof_Libe
Médecine,Prof_Libe
Médecine,Cadres
Univ_Science,Cadres
Ecole_Commerce,Prof_Libe
Univ_Science,Employés
Univ_Socio,Employés
IUT/BTS,Employés
Médecine,Cadres
IUT/BTS,Cadres
Ecole_Ingenieurs,Prof_Libe
Univ_Socio,Prof_Libe
Univ_Science,Employés
Univ_Science,Ouvriers
Médecine,Prof_Libe
IUT/BTS,Ouvriers
Univ_Socio,Employés
Ecole_Commerce,Prof_Libe
Ecole_Commerce,Prof_Libe
Ecole_Ingenieurs,Ouvriers
Univ_Science,Ouvriers
Ecole_Ingenieurs,Cadres
Univ_Science,Employés
Ecole_Ingenieurs,Employés
Ecole_Ingenieurs,Ouvriers
Univ_Science,Employés
Univ_Science,Cadres
Univ_Science,Ouvriers
IUT/BTS,Employés
Univ_Science,Employés
IUT/BTS,Ouvriers
Ecole_Ingenieurs,Ouvriers
Médecine,Prof_Libe
Ecole_Ingenieurs,Employés
Univ_Science,Ouvriers
Univ_Socio,Employés
Ecole_Ingenieurs,Ouvriers
Univ_Science,Cadres
Ecole_Ingenieurs,Cadres
Médecine,Prof_Libe
Univ_Science,Ouvriers
Ecole_Commerce,Prof_Libe
IUT/BTS,Employés
Ecole_Commerce,Cadres
Univ_Socio,Cadres
Univ_Socio,Employés
Médecine,Ouvriers
Ecole_Commerce,Employés
IUT/BTS,Employés
Univ_Science,Employés
Ecole_Ingenieurs,Employés
Univ_Science,Cadres
Univ_Socio,Employés
Ecole_Commerce,Prof_Libe
Univ_Science,Ouvriers
Médecine,Prof_Libe
IUT/BTS,Ouvriers
Univ_Science,Cadres
Univ_Science,Ouvriers
Ecole_Ingenieurs,Ouvriers
Médecine,Employés
Médecine,Employés
Ecole_Commerce,Prof_Libe
Médecine,Employés
Univ_Science,Ouvriers
Univ_Science,Cadres
Univ_Science,Ouvriers
Univ_Science,Cadres
Univ_Science,Employés
Médecine,Cadres
Ecole_Commerce,Cadres
Médecine,Prof_Libe
Ecole_Commerce,Cadres
Ecole_Commerce,Prof_Libe
IUT/BTS,Ouvriers
Médecine,Employés
Univ_Science,Employés
Médecine,Cadres
Médecine,Employés
Médecine,Prof_Libe
Ecole_Commerce,Cadres
Univ_Science,Cadres
Univ_Science,Employés
IUT/BTS,Ouvriers
Ecole_Commerce,Cadres
Ecole_Commerce,Prof_Libe
IUT/BTS,Ouvriers
Médecine,Prof_Libe
Ecole_Commerce,Cadres
Univ_Science,Ouvriers
Ecole_Commerce,Employés
Médecine,Cadres
Ecole_Ingenieurs,Cadres
IUT/BTS,Cadres
IUT/BTS,Employés
Univ_Science,Ouvriers
Univ_Science,Cadres
Ecole_Ingenieurs,Cadres
IUT/BTS,Employés
IUT/BTS,Ouvriers
Ecole_Commerce,Cadres
Ecole_Commerce,Prof_Libe
Univ_Science,Employés
Univ_Science,Ouvriers
Ecole_Ingenieurs,Ouvriers
Ecole_Commerce,Cadres
Univ_Science,Cadres
Médecine,Cadres
Univ_Science,Cadres
Ecole_Ingenieurs,Cadres
Ecole_Ingenieurs,Prof_Libe
Univ_Socio,Prof_Libe
Univ_Science,Cadres
Ecole_Ingenieurs,Employés
Univ_Socio,Ouvriers
Médecine,Prof_Libe
Univ_Science,Employés
Ecole_Commerce,Cadres
Ecole_Commerce,Prof_Libe
Ecole_Commerce,Prof_Libe
IUT/BTS,Cadres
Ecole_Commerce,Prof_Libe
Ecole_Ingenieurs,Employés
Univ_Science,Employés
Ecole_Ingenieurs,Employés
Ecole_Commerce,Prof_Libe
Ecole_Ingenieurs,Cadres
Univ_Science,Cadres
Ecole_Ingenieurs,Employés
Univ_Science,Employés
IUT/BTS,Employés
Univ_Socio,Employés
Médecine,Prof_Libe
Univ_Science,Ouvriers
Univ_Science,Ouvriers
Univ_Science,Ouvriers
IUT/BTS,Cadres
IUT/BTS,Ouvriers
Univ_Science,Cadres
Univ_Science,Employés
Univ_Science,Prof_Libe
Médecine,Employés
Univ_Science,Cadres
IUT/BTS,Cadres
Ecole_Ingenieurs,Cadres
IUT/BTS,Cadres
Ecole_Commerce,Prof_Libe
Ecole_Commerce,Cadres
Ecole_Commerce,Cadres
IUT/BTS,Prof_Libe
Médecine,Employés
Univ_Science,Prof_Libe
Univ_Science,Cadres
Univ_Science,Ouvriers
Univ_Science,Employés
Ecole_Commerce,Prof_Libe
Univ_Science,Employés
Médecine,Ouvriers
Médecine,Prof_Libe
Univ_Science,Employés
Ecole_Ingenieurs,Cadres
Médecine,Prof_Libe
Ecole_Commerce,Prof_Libe
Univ_Socio,Cadres
Ecole_Ingenieurs,Employés
Ecole_Commerce,Cadres
Ecole_Ingenieurs,Cadres
Médecine,Ouvriers
Univ_Socio,Employés
Univ_Science,Ouvriers
Ecole_Ingenieurs,Cadres
Univ_Science,Ouvriers
Univ_Science,Employés
Ecole_Ingenieurs,Employés
Univ_Science,Cadres
Médecine,Cadres
Ecole_Commerce,Prof_Libe
Univ_Science,Employés
Univ_Science,Employés
Médecine,Prof_Libe
Univ_Socio,Cadres
Ecole_Ingenieurs,Employés
IUT/BTS,Cadres
Médecine,Prof_Libe
IUT/BTS,Employés
Ecole_Commerce,Prof_Libe
Univ_Socio,Prof_Libe
Univ_Science,Ouvriers
Univ_Science,Employés
Ecole_Ingenieurs,Employés
IUT/BTS,Ouvriers
Médecine,Prof_Libe
Ecole_Ingenieurs,Employés
Univ_Science,Ouvriers
Univ_Socio,Ouvriers
IUT/BTS,Employés
Ecole_Ingenieurs,Cadres
Univ_Science,Employés
IUT/BTS,Cadres
Univ_Science,Ouvriers
Univ_Science,Employés
Ecole_Ingenieurs,Cadres
Ecole_Commerce,Prof_Libe
Médecine,Employés
Univ_Science,Cadres
Médecine,Employés
Ecole_Commerce,Cadres
Univ_Science,Ouvriers
Univ_Science,Ouvriers
Univ_Science,Ouvriers
Univ_Science,Employés
Ecole_Ingenieurs,Employés
Médecine,Cadres
Ecole_Ingenieurs,Cadres
IUT/BTS,Prof_Libe
Ecole_Commerce,Cadres
IUT/BTS,Employés
Univ_Science,Employés
Univ_Science,Employés
Ecole_Ingenieurs,Cadres
Univ_Science,Ouvriers
Ecole_Ingenieurs,Employés
Univ_Science,Employés
Univ_Science,Employés
Univ_Socio,Prof_Libe
Ecole_Ingenieurs,Cadres
Ecole_Ingenieurs,Cadres
IUT/BTS,Ouvriers
IUT/BTS,Cadres
Ecole_Commerce,Prof_Libe
Ecole_Commerce,Prof_Libe
Ecole_Ingenieurs,Cadres
Ecole_Ingenieurs,Cadres
Univ_Socio,Ouvriers
Ecole_Commerce,Cadres
Médecine,Cadres
Ecole_Ingenieurs,Employés
IUT/BTS,Prof_Libe
Univ_Science,Ouvriers
Ecole_Ingenieurs,Cadres
Ecole_Ingenieurs,Employés
Univ_Science,Employés
Médecine,Cadres
Ecole_Ingenieurs,Employés
Ecole_Ingenieurs,Employés
Univ_Science,Employés
Univ_Science,Cadres
IUT/BTS,Ouvriers
Univ_Socio,Employés
Médecine,Prof_Libe
Ecole_Ingenieurs,Prof_Libe
IUT/BTS,Employés
Univ_Science,Prof_Libe
Ecole_Ingenieurs,Ouvriers
Univ_Science,Employés
Ecole_Commerce,Cadres
Ecole_Ingenieurs,Employés
Univ_Science,Ouvriers
Univ_Science,Employés
Médecine,Prof_Libe
Univ_Science,Cadres
Ecole_Ingenieurs,Employés
Ecole_Ingenieurs,Employés
IUT/BTS,Employés
IUT/BTS,Prof_Libe
Ecole_Ingenieurs,Employés
Univ_Socio,Employés
IUT/BTS,Employés
Univ_Science,Ouvriers
IUT/BTS,Cadres
Ecole_Ingenieurs,Employés
Univ_Science,Employés
IUT/BTS,Employés
Médecine,Prof_Libe
Ecole_Ingenieurs,Employés
Ecole_Ingenieurs,Employés
Univ_Science,Ouvriers
Médecine,Prof_Libe
Univ_Science,Cadres
Ecole_Ingenieurs,Ouvriers
Médecine,Ouvriers
Univ_Science,Cadres
Ecole_Commerce,Employés
Univ_Science,Ouvriers
Médecine,Cadres
Univ_Science,Employés
Univ_Science,Employés
Univ_Socio,Employés
Ecole_Commerce,Cadres
Ecole_Ingenieurs,Employés
Univ_Socio,Prof_Libe
IUT/BTS,Ouvriers
Ecole_Ingenieurs,Cadres
Ecole_Ingenieurs,Cadres
Ecole_Commerce,Prof_Libe
IUT/BTS,Prof_Libe
Médecine,Cadres
Univ_Science,Ouvriers
Ecole_Commerce,Employés
Univ_Science,Employés
Univ_Science,Ouvriers
Médecine,Employés
Médecine,Ouvriers
Ecole_Ingenieurs,Cadres
IUT/BTS,Employés
Médecine,Cadres
Univ_Science,Employés
Univ_Science,Ouvriers
Univ_Science,Ouvriers
Ecole_Ingenieurs,Cadres
Univ_Science,Ouvriers
Ecole_Commerce,Prof_Libe
Ecole_Ingenieurs,Employés
Ecole_Ingenieurs,Cadres
Univ_Socio,Prof_Libe
Ecole_Ingenieurs,Employés
Univ_Science,Ouvriers
Univ_Science,Cadres
Ecole_Ingenieurs,Cadres
Médecine,Prof_Libe
Univ_Science,Employés
Ecole_Commerce,Cadres
IUT/BTS,Cadres
Univ_Science,Ouvriers
Ecole_Ingenieurs,Cadres
Univ_Science,Ouvriers
Univ_Science,Ouvriers
Ecole_Commerce,Prof_Libe
Univ_Science,Cadres
Univ_Socio,Employés
Ecole_Commerce,Prof_Libe
Médecine,Prof_Libe
Univ_Science,Ouvriers
Ecole_Ingenieurs,Employés
IUT/BTS,Ouvriers
Ecole_Ingenieurs,Ouvriers
Ecole_Ingenieurs,Employés
IUT/BTS,Prof_Libe
IUT/BTS,Ouvriers
Ecole_Ingenieurs,Cadres
Ecole_Commerce,Prof_Libe
IUT/BTS,Ouvriers
Univ_Socio,Cadres
Univ_Science,Ouvriers
Univ_Science,Employés
IUT/BTS,Employés
Ecole_Ingenieurs,Employés
IUT/BTS,Ouvriers
Univ_Science,Ouvriers
Ecole_Ingenieurs,Cadres
Ecole_Ingenieurs,Cadres
Ecole_Ingenieurs,Ouvriers
Univ_Socio,Cadres
Ecole_Ingenieurs,Cadres
Médecine,Ouvriers
Ecole_Ingenieurs,Employés
Univ_Socio,Employés
Médecine,Cadres
Ecole_Ingenieurs,Cadres
Univ_Science,Cadres
Univ_Socio,Cadres
Ecole_Ingenieurs,Cadres
Ecole_Commerce,Prof_Libe
Univ_Science,Ouvriers
Univ_Science,Employés
Univ_Science,Ouvriers
Ecole_Commerce,Cadres
Médecine,Cadres
IUT/BTS,Ouvriers
Médecine,Ouvriers
Ecole_Ingenieurs,Cadres
Ecole_Ingenieurs,Employés
Ecole_Ingenieurs,Cadres
Univ_Science,Employés
Médecine,Cadres
Univ_Science,Ouvriers
Ecole_Commerce,Prof_Libe
IUT/BTS,Cadres
Ecole_Commerce,Cadres
Ecole_Ingenieurs,Cadres
Univ_Science,Employés
Ecole_Ingenieurs,Employés
Univ_Science,Ouvriers
Univ_Science,Employés
IUT/BTS,Prof_Libe
Univ_Socio,Prof_Libe
Ecole_Commerce,Prof_Libe
Univ_Science,Cadres
Univ_Science,Employés
Univ_Socio,Employés
Ecole_Commerce,Cadres
IUT/BTS,Ouvriers
Ecole_Ingenieurs,Cadres
Univ_Science,Ouvriers
Univ_Socio,Prof_Libe
Ecole_Ingenieurs,Cadres
Ecole_Ingenieurs,Employés
Ecole_Ingenieurs,Employés
Univ_Science,Prof_Libe
IUT/BTS,Employés
Univ_Science,Cadres
Univ_Science,Ouvriers
Univ_Science,Ouvriers
Médecine,Prof_Libe
Univ_Science,Ouvriers
IUT/BTS,Prof_Libe
IUT/BTS,Employés
Ecole_Ingenieurs,Employés
Univ_Science,Cadres
Ecole_Ingenieurs,Employés
Médecine,Prof_Libe
Ecole_Commerce,Prof_Libe
Ecole_Ingenieurs,Employés
Univ_Science,Ouvriers
Univ_Science,Cadres
IUT/BTS,Employés
Médecine,Prof_Libe
IUT/BTS,Cadres
Médecine,Cadres
Univ_Science,Cadres
Médecine,Employés
Médecine,Prof_Libe
IUT/BTS,Employés
IUT/BTS,Prof_Libe
Univ_Science,Ouvriers
Ecole_Commerce,Cadres
IUT/BTS,Prof_Libe
Ecole_Commerce,Employés
Univ_Science,Ouvriers
Médecine,Employés
Ecole_Commerce,Prof_Libe
Univ_Science,Ouvriers
Univ_Socio,Cadres
Univ_Science,Ouvriers
Médecine,Prof_Libe
Univ_Socio,Employés
Univ_Science,Employés
Univ_Science,Cadres
Ecole_Ingenieurs,Employés
IUT/BTS,Ouvriers
Univ_Socio,Cadres
Univ_Socio,Ouvriers
Univ_Science,Ouvriers
Univ_Science,Cadres
IUT/BTS,Ouvriers
Univ_Science,Ouvriers
Ecole_Ingenieurs,Ouvriers
Univ_Science,Employés
Médecine,Prof_Libe
Univ_Science,Cadres
Médecine,Cadres
Univ_Science,Prof_Libe
Ecole_Commerce,Prof_Libe
Ecole_Ingenieurs,Employés
Univ_Science,Ouvriers
Ecole_Ingenieurs,Ouvriers
Ecole_Ingenieurs,Employés
IUT/BTS,Cadres
Univ_Socio,Prof_Libe
Ecole_Ingenieurs,Employés
Médecine,Employés
Ecole_Ingenieurs,Employés
Univ_Science,Employés
Univ_Science,Cadres
Ecole_Ingenieurs,Ouvriers
Ecole_Commerce,Prof_Libe
Ecole_Ingenieurs,Employés
IUT/BTS,Ouvriers
Médecine,Employés
Ecole_Ingenieurs,Cadres
Ecole_Ingenieurs,Cadres
Univ_Science,Ouvriers
IUT/BTS,Employés
Univ_Science,Ouvriers
Ecole_Ingenieurs,Employés
Univ_Science,Cadres
Ecole_Ingenieurs,Cadres
Ecole_Ingenieurs,Ouvriers
Ecole_Commerce,Cadres
Ecole_Ingenieurs,Ouvriers
Médecine,Employés
Ecole_Ingenieurs,Employés
Ecole_Commerce,Cadres
Univ_Science,Cadres
Univ_Science,Ouvriers
Ecole_Commerce,Cadres
Univ_Socio,Employés
Ecole_Commerce,Prof_Libe
Ecole_Ingenieurs,Cadres
Ecole_Commerce,Cadres
Médecine,Prof_Libe
Univ_Socio,Ouvriers
Médecine,Ouvriers
Ecole_Ingenieurs,Cadres
Univ_Science,Employés
Univ_Science,Ouvriers
IUT/BTS,Employés
Univ_Science,Ouvriers
Ecole_Ingenieurs,Employés
Ecole_Commerce,Prof_Libe
Ecole_Ingenieurs,Employés
Ecole_Commerce,Cadres
Ecole_Ingenieurs,Employés
Médecine,Prof_Libe
Ecole_Ingenieurs,Cadres
Ecole_Commerce,Prof_Libe
Ecole_Ingenieurs,Cadres
Médecine,Ouvriers
IUT/BTS,Cadres
IUT/BTS,Ouvriers
Ecole_Ingenieurs,Employés
IUT/BTS,Cadres
Ecole_Ingenieurs,Employés
Ecole_Ingenieurs,Employés
Médecine,Cadres
Univ_Science,Cadres
Univ_Science,Employés
Univ_Science,Cadres
IUT/BTS,Ouvriers
Univ_Socio,Prof_Libe
Univ_Science,Employés
Univ_Socio,Prof_Libe
Univ_Science,Employés
Ecole_Commerce,Prof_Libe
Univ_Socio,Prof_Libe
Univ_Science,Ouvriers
Univ_Science,Employés
Ecole_Ingenieurs,Cadres
Univ_Science,Cadres
Ecole_Commerce,Prof_Libe
Univ_Science,Cadres
Ecole_Ingenieurs,Employés
Univ_Science,Cadres
Ecole_Ingenieurs,Cadres
IUT/BTS,Cadres
Univ_Science,Employés
Médecine,Employés
Univ_Science,Cadres
Ecole_Ingenieurs,Employés
Ecole_Commerce,Prof_Libe
Univ_Socio,Prof_Libe
Ecole_Ingenieurs,Employés
Univ_Science,Prof_Libe
IUT/BTS,Ouvriers
Univ_Science,Ouvriers
IUT/BTS,Employés
Ecole_Ingenieurs,Ouvriers
Ecole_Ingenieurs,Employés
Médecine,Employés
Univ_Science,Employés
Ecole_Ingenieurs,Prof_Libe
Univ_Science,Ouvriers
Ecole_Ingenieurs,Employés
Univ_Science,Prof_Libe
Ecole_Ingenieurs,Cadres
Univ_Science,Cadres
Ecole_Commerce,Prof_Libe
Ecole_Commerce,Cadres
Univ_Science,Ouvriers
Médecine,Cadres
Univ_Socio,Ouvriers
Univ_Science,Employés
Univ_Science,Ouvriers
Univ_Science,Employés
Ecole_Ingenieurs,Employés
Ecole_Ingenieurs,Employés
Univ_Science,Ouvriers
Univ_Socio,Ouvriers
IUT/BTS,Ouvriers
Univ_Science,Employés
Univ_Science,Prof_Libe
Univ_Science,Ouvriers
IUT/BTS,Employés
Ecole_Ingenieurs,Employés
IUT/BTS,Ouvriers
Ecole_Ingenieurs,Employés
Ecole_Ingenieurs,Cadres
Ecole_Ingenieurs,Cadres
Univ_Science,Ouvriers
Ecole_Ingenieurs,Ouvriers
Univ_Science,Cadres
Médecine,Ouvriers
Univ_Socio,Prof_Libe
IUT/BTS,Cadres
Univ_Science,Ouvriers
Ecole_Ingenieurs,Prof_Libe
Univ_Science,Employés
Ecole_Ingenieurs,Employés
IUT/BTS,Prof_Libe
Ecole_Commerce,Prof_Libe
Univ_Science,Prof_Libe
Univ_Science,Ouvriers
Univ_Science,Employés
Médecine,Prof_Libe
Ecole_Ingenieurs,Cadres
Médecine,Cadres
Univ_Science,Ouvriers
Ecole_Ingenieurs,Cadres
Univ_Science,Ouvriers
Ecole_Ingenieurs,Employés
Ecole_Ingenieurs,Ouvriers
Ecole_Ingenieurs,Employés
IUT/BTS,Employés
Ecole_Ingenieurs,Employés
Univ_Science,Ouvriers
Ecole_Ingenieurs,Employés
IUT/BTS,Employés
Univ_Science,Employés
Ecole_Ingenieurs,Employés
IUT/BTS,Cadres
Univ_Socio,Employés
IUT/BTS,Cadres
IUT/BTS,Ouvriers
Univ_Science,Ouvriers
Ecole_Ingenieurs,Employés
Univ_Science,Ouvriers
Univ_Science,Cadres
Univ_Science,Employés
Univ_Science,Ouvriers
Univ_Science,Ouvriers
IUT/BTS,Employés
Ecole_Commerce,Prof_Libe
Médecine,Prof_Libe
Ecole_Ingenieurs,Prof_Libe
Ecole_Commerce,Prof_Libe
Ecole_Ingenieurs,Employés
Univ_Socio,Employés
Univ_Science,Ouvriers
Ecole_Ingenieurs,Employés
Ecole_Commerce,Cadres
Univ_Science,Employés
Univ_Science,Cadres
Ecole_Ingenieurs,Cadres
Univ_Science,Ouvriers
IUT/BTS,Cadres
IUT/BTS,Cadres
Ecole_Ingenieurs,Ouvriers
Médecine,Cadres
Ecole_Ingenieurs,Employés
Médecine,Prof_Libe
IUT/BTS,Cadres
Univ_Science,Cadres
Univ_Science,Employés
Ecole_Ingenieurs,Employés
Univ_Socio,Cadres
Ecole_Commerce,Prof_Libe
IUT/BTS,Ouvriers
Univ_Socio,Employés
Univ_Socio,Employés
Univ_Science,Ouvriers
Ecole_Ingenieurs,Cadres
Médecine,Employés
Médecine,Employés
Ecole_Ingenieurs,Employés
Ecole_Commerce,Cadres
Univ_Science,Cadres
Univ_Socio,Prof_Libe
Ecole_Commerce,Prof_Libe
Ecole_Ingenieurs,Cadres
Univ_Science,Employés
Univ_Science,Cadres
IUT/BTS,Employés
Ecole_Ingenieurs,Employés
IUT/BTS,Prof_Libe
Médecine,Cadres
Univ_Science,Ouvriers
IUT/BTS,Employés
Univ_Science,Ouvriers
Ecole_Ingenieurs,Employés
Univ_Science,Cadres
IUT/BTS,Employés
Univ_Science,Ouvriers
Ecole_Ingenieurs,Employés
Ecole_Commerce,Cadres
Univ_Science,Ouvriers
Univ_Science,Ouvriers
Ecole_Ingenieurs,Employés
IUT/BTS,Cadres
Ecole_Commerce,Prof_Libe
Médecine,Cadres
Univ_Science,Ouvriers
IUT/BTS,Employés
Ecole_Ingenieurs,Employés
Univ_Socio,Cadres
Médecine,Prof_Libe
Univ_Science,Ouvriers
IUT/BTS,Ouvriers
Univ_Science,Cadres
Univ_Science,Ouvriers
Univ_Science,Ouvriers
Médecine,Prof_Libe
Univ_Science,Cadres
Univ_Science,Cadres
Ecole_Ingenieurs,Ouvriers
Univ_Socio,Prof_Libe
IUT/BTS,Ouvriers
Ecole_Ingenieurs,Employés
Médecine,Prof_Libe
Ecole_Ingenieurs,Employés
IUT/BTS,Cadres
Médecine,Cadres
Ecole_Commerce,Prof_Libe
Univ_Science,Ouvriers
Univ_Socio,Cadres
Univ_Socio,Employés
Ecole_Commerce,Prof_Libe
Médecine,Ouvriers
Ecole_Ingenieurs,Cadres
Ecole_Ingenieurs,Employés
Ecole_Ingenieurs,Employés
Médecine,Prof_Libe
Ecole_Commerce,Prof_Libe
Ecole_Commerce,Prof_Libe
Médecine,Prof_Libe
Univ_Science,Cadres
Univ_Science,Employés
IUT/BTS,Cadres
Univ_Science,Cadres
